preset,authored_note,mean,n84,n85,n86,n87,n88,n89,n90,n91,n92,n93,n94,n95,n96,n97,n98,n99,n100,n101,n102,n103
084,84,0.63226039926323707,0.35664736760254429,0.54281127757641501,0.64992066201831922,0.60305402876912162,0.62729707869877205,0.6462049639300006,0.6847776024014216,0.70273825233577758,0.69215735072853157,0.68190152981800456,0.6688960434015967,0.66237474955356535,0.57584606356760248,0.59266094417661763,0.67116673188099707,0.6431470348428282,0.64520499146227939,0.64816643285240161,0.66882033282720055,0.68141454682074742
085,85,0.55130343854378039,0.50206386599427177,0.3528028835437747,0.46760233959310871,0.52708900814666493,0.55912901261810466,0.55655819106504834,0.56762849422251849,0.59593362755371737,0.57771635159081902,0.59634315207144883,0.59092804139087307,0.56675890221999914,0.59698334133993425,0.5819839754345264,0.59078730016719028,0.56640312173373497,0.56884119866799743,0.56992085396243031,0.56427930515431213,0.52631580440513359
086,86,0.56324130903444591,0.52961019737188408,0.5565237483348412,0.36805667073589465,0.58469018751521129,0.56426895466127469,0.53340323160634318,0.57911849790903791,0.61250054423217515,0.57382562054145592,0.55108137224838716,0.58809772275797267,0.53461079518782728,0.59400685254606689,0.57955128324588367,0.58621132168772738,0.62468257779841652,0.54672591339689192,0.60420492074156107,0.57559653432838997,0.57805923384167501
087,87,0.51704178810385604,0.53011624752851383,0.56305934231391086,0.57891041241333374,0.37066942816959492,0.57816974397403187,0.58193397050176687,0.53256759274462018,0.54498580380865447,0.51749493131004376,0.49721991385414582,0.52575442878859702,0.60651474651416015,0.52767097248919215,0.51401012974923332,0.46991594329811903,0.4777201574931127,0.47529594811478187,0.49392443756029109,0.45542600983728126,0.49947560161373589
088,88,0.63741418653393034,0.63564150085214199,0.56387230311795833,0.60426167743539672,0.5817488470936607,0.35134798051292054,0.53417786170879533,0.63288368215115187,0.67000783020535548,0.66957393147565958,0.66805918933445385,0.65911225155251729,0.66367934504667669,0.69117559153735042,0.68236456047212179,0.68077317650489644,0.68490405618659855,0.68686496602603053,0.69304765479628383,0.70056493418677146,0.69422239048186385
089,89,0.57813030174681845,0.56265117162236444,0.60660707033555006,0.6391863233077375,0.67778322976870586,0.56775634158097199,0.3895836867749608,0.59343129936591654,0.52996965199326818,0.57732409834286669,0.53444705967880601,0.59454801614180153,0.67488215996805601,0.56717869454698999,0.54599267204603597,0.5647873479479083,0.56934786374902235,0.59783730974531146,0.61119531347777745,0.55781164665252481,0.60028507788979113
090,90,0.50789415387228354,0.54084172399172004,0.52473126099427703,0.5390152715165023,0.46111325199044656,0.53206833238372908,0.55249683074615286,0.35615274705909405,0.49626542759858955,0.48686924929009123,0.45310921422984868,0.46084669660583077,0.44751170706104143,0.52002813339725928,0.54264544273481652,0.5309073556956847,0.5474783859014648,0.54766788590612181,0.55332173852779853,0.5298974452867703,0.53491497652843201
091,91,0.61878687855030368,0.67180340108304237,0.65181188650275668,0.66066700150261803,0.65207881780656929,0.65930116445461273,0.65181043458132493,0.60895395750797821,0.35944742325165213,0.55366601578232333,0.57978543674158345,0.56693301530145968,0.55760206497173181,0.55283350761055139,0.66057493642760889,0.58886245426944894,0.59508658746209298,0.6965082076057838,0.70584832414339704,0.71027459545575955,0.69188833854377796
092,92,0.44103897939152237,0.51325572284732957,0.51351400315719686,0.51424217645780945,0.48419733715395269,0.51151064647334354,0.53260816008546918,0.48677509771231253,0.51036750134704034,0.3184987149553184,0.39377533345585569,0.52118023582301187,0.4561145642588168,0.39683966560795897,0.36149393684949199,0.45343346774654902,0.34009271778006966,0.37469557560307976,0.36941615300424813,0.36092718111571559,0.40784139639587597
093,93,0.47286565743769005,0.56478853549213837,0.51736565394464895,0.53007686448258917,0.56440715528538976,0.54996195269678583,0.53838097844115795,0.50603883359332924,0.51812714394116322,0.41255884134061782,0.30093209169729473,0.465348929635719,0.49390453503374665,0.43449209148558471,0.45902876257511233,0.42484327453845605,0.4453299617576385,0.48210118473258068,0.50111960947517153,0.32090405012842688,0.42760269847624877
094,94,0.48749955453675559,0.55086996253025211,0.54043662703244333,0.54611166075046513,0.48057307288244683,0.54906559452472081,0.56870277751428988,0.41283638845560128,0.4850209773659051,0.46735514746619622,0.41904371386362371,0.35821361553922459,0.52138706509610755,0.49330512468418303,0.50538333481271136,0.42939524106472327,0.49500065120377851,0.50186422809357167,0.50338347619165436,0.47268438075732744,0.4493580509058851
095,95,0.56308969063635805,0.61796401978095761,0.614642541267719,0.61464197345515925,0.5672430111919381,0.62351900361843027,0.60868378571837101,0.52371427440869922,0.53854747306881012,0.54302474878819262,0.5133834306130648,0.60936770059467182,0.3227263809587495,0.56989986306850016,0.57762839636862551,0.5912180410252954,0.57550569465126988,0.60024088102754802,0.57115329600631526,0.54330113415549541,0.53538816295935099
096,96,0.50897282116599007,0.66429002530405701,0.65375517604425226,0.63560271549923864,0.62009585692800617,0.62047321358637353,0.59704038781426316,0.60039344738424782,0.50609030888616613,0.51106244342530605,0.5040083271477489,0.61021222512390694,0.57813960164791278,0.30697078013749479,0.39613448179939659,0.47435634976913493,0.37725397215756878,0.37682793850101309,0.37080000256329382,0.33309329423235884,0.44285587536806298
097,97,0.43920403932924656,0.51452536407746685,0.51167488056474852,0.49752739883548286,0.48617961521403469,0.52280696501151047,0.51283661777178602,0.4870983477997321,0.40070599841962612,0.37482431524090737,0.43133429431817305,0.48719364785065195,0.52256373174853143,0.36240635264121646,0.32885136453259123,0.44169362088426473,0.34929157307580899,0.38104525666995076,0.3706737548446753,0.39659879820996846,0.404248888873803
098,98,0.47601665482702771,0.58124380959875921,0.52242833850466686,0.52096054513274193,0.57827816419862133,0.5914852740638904,0.54455472068813393,0.50874151436530068,0.45918413605302377,0.47332312201783278,0.40799376088645489,0.47653287703652619,0.50291212067049795,0.4791956203689951,0.44616849902777606,0.28429369619231842,0.43133248098035343,0.46238457206777545,0.46828120257514727,0.43306749083505353,0.34797115127668676
099,99,0.4481346896568762,0.52022557837128991,0.50090445792717608,0.50140711429318618,0.47378519640863614,0.50868889165136399,0.52753370964915469,0.47919132445965795,0.3920096806940857,0.35410887129672169,0.43334362874918225,0.47430940077746103,0.53093347537027868,0.38948043528942716,0.36162531389808356,0.4664612015218173,0.32014585601909568,0.37424823493791509,0.37070082965838452,0.40952532801872182,0.57406526414588255
100,100,0.44661321327154441,0.54141412075761819,0.49465549710172518,0.49829114539043196,0.48280071954493242,0.50659507556098793,0.52837603567189273,0.47937046228854813,0.41378277453727347,0.37611393382945646,0.43431828099504199,0.48175265880279677,0.51751706265421482,0.40278024669161572,0.38855777901208216,0.48516878564789251,0.35606384508737704,0.34153229999556256,0.33734516913073082,0.41860962958081821,0.44721874314989007
101,101,0.49181214330504214,0.60496219964622788,0.5013952104828282,0.51536573149848774,0.61386337517838807,0.62392550939979363,0.59384411259478365,0.55635157712729866,0.49177786292007636,0.48711172282543869,0.50017881977256917,0.48109097890117763,0.52151762408284574,0.43171434497594124,0.4461910736721641,0.51934122818797579,0.47743860136571503,0.36138989266878446,0.30584950960951923,0.37494159572214592,0.42799189546868055
102,102,0.48203498883005791,0.59351855766589334,0.52593467775703739,0.53906062729643967,0.5583499883978148,0.59078750327456808,0.56892684300109952,0.5681226422474589,0.45136143417660135,0.45424527766736461,0.44672138619292229,0.53478728863967828,0.51886395086336057,0.41683682816808754,0.4490842291092304,0.48610363336323764,0.41890112209064284,0.46336598937146023,0.40406548390563563,0.23840647710832952,0.41325583630429658
103,103,0.50082202935356179,0.63283208260480828,0.51554824989666292,0.51951133787778192,0.57011635043839537,0.60490127457098941,0.59661864948545429,0.56679224306010834,0.4894704221370148,0.49249714083446583,0.4693201515352306,0.51081535479131213,0.51364709279084964,0.52956618528766675,0.49252118402331951,0.44486459318807892,0.47949417259451205,0.45707829282347451,0.47009293709865246,0.4034341714868182,0.25731870054563866
hollandm-joint,94,0.4287651315195381,0.508708204638746,0.49471143875760543,0.51130001396066971,0.45087479077890069,0.50772437401142101,0.51971897343174056,0.44831382052796293,0.39969338526268039,0.35357972809133614,0.38253104271559601,0.45543351172555446,0.49540660588296886,0.36198098021293129,0.36715900154974268,0.44959515179598947,0.3557387185802206,0.3822837076284788,0.37888069255289497,0.35213985667307984,0.39952863161224417
