design,arm,block,seed,budget,score,decay_keytrack,version,output_gain_db,evaluations,iterations,restarts,stop_reason,converged,elapsed_s,pinned,dimension,matched,workers,mayfly_version,cmaes_version,revision
beta-ablation,fixed,0,140000,6000,0.43827626160729044,,3.0,20.522707160831679,6033,136,0,max_evaluations,false,977.42212696599995,0,15,0,12,v0.7.1,v0.1.0,aca33e9e24a5a94e57308e6cb3b0441cfe0da1e1
beta-ablation,beta,0,140000,6000,0.43811998503153521,0.97426559957401748,4.0,18.151891294786456,6033,136,0,max_evaluations,false,716.54925108800001,3,16,0,12,v0.7.1,v0.1.0,aca33e9e24a5a94e57308e6cb3b0441cfe0da1e1
beta-ablation,fixed,1,140001,6000,0.43428069031762206,,3.0,13.782024920289228,6033,136,0,max_evaluations,false,929.43210305499997,1,15,0,12,v0.7.1,v0.1.0,aca33e9e24a5a94e57308e6cb3b0441cfe0da1e1
beta-ablation,beta,1,140001,6000,0.4383154983595815,1.0566835489857027,4.0,17.43119492175299,6033,136,0,max_evaluations,false,995.94071733600003,3,16,0,12,v0.7.1,v0.1.0,aca33e9e24a5a94e57308e6cb3b0441cfe0da1e1
beta-ablation,fixed,2,140002,6000,0.44268172355660723,,3.0,19.046037439080195,6033,136,0,max_evaluations,false,6103.7481592450004,0,15,0,12,v0.7.1,v0.1.0,aca33e9e24a5a94e57308e6cb3b0441cfe0da1e1
beta-ablation,beta,2,140002,6000,0.44048022438877393,0.9942361786026368,4.0,17.815035116157024,6033,136,0,max_evaluations,false,965.48224632599999,3,16,0,12,v0.7.1,v0.1.0,aca33e9e24a5a94e57308e6cb3b0441cfe0da1e1
beta-ablation,fixed,3,140003,6000,0.43901838194016446,,3.0,21.681410589797792,6033,136,0,max_evaluations,false,923.84783433099994,1,15,0,12,v0.7.1,v0.1.0,aca33e9e24a5a94e57308e6cb3b0441cfe0da1e1
beta-ablation,beta,3,140003,6000,0.4352916062601403,0.97285077914157414,4.0,16.629510886721576,6033,136,0,max_evaluations,false,979.28625941999996,1,16,0,12,v0.7.1,v0.1.0,aca33e9e24a5a94e57308e6cb3b0441cfe0da1e1
beta-ablation,fixed,4,140004,6000,0.42897067511372527,,3.0,8.7373144431550855,6033,136,0,max_evaluations,false,998.91210154999999,1,15,0,12,v0.7.1,v0.1.0,aca33e9e24a5a94e57308e6cb3b0441cfe0da1e1
beta-ablation,beta,4,140004,6000,0.44449429462302648,1.0270566040408018,4.0,15.01077232557925,6033,136,0,max_evaluations,false,940.27340734500001,0,16,0,12,v0.7.1,v0.1.0,aca33e9e24a5a94e57308e6cb3b0441cfe0da1e1
beta-ablation,fixed,5,140005,6000,0.44173666151143598,,3.0,20.29677271058388,6033,136,0,max_evaluations,false,858.09526960699998,0,15,0,12,v0.7.1,v0.1.0,aca33e9e24a5a94e57308e6cb3b0441cfe0da1e1
beta-ablation,beta,5,140005,6000,0.43595031115859673,0.98878875711944048,4.0,8.3072416064422292,6033,136,0,max_evaluations,false,957.21446230499998,0,16,0,12,v0.7.1,v0.1.0,aca33e9e24a5a94e57308e6cb3b0441cfe0da1e1
beta-ablation,fixed,6,140006,6000,0.42373000120991111,,3.0,9.423172982581745,6033,136,0,max_evaluations,false,707.65651870700003,1,15,0,12,v0.7.1,v0.1.0,aca33e9e24a5a94e57308e6cb3b0441cfe0da1e1
beta-ablation,beta,6,140006,6000,0.43746934094359791,0.92294048666103445,4.0,17.106275078240007,6033,136,0,max_evaluations,false,691.33224754100002,1,16,0,12,v0.7.1,v0.1.0,aca33e9e24a5a94e57308e6cb3b0441cfe0da1e1
beta-ablation,fixed,7,140007,6000,0.44064609750617362,,3.0,-14.823900735787063,6033,136,0,max_evaluations,false,690.74098542399997,0,15,0,12,v0.7.1,v0.1.0,aca33e9e24a5a94e57308e6cb3b0441cfe0da1e1
beta-ablation,beta,7,140007,6000,0.43556596584651752,1.0082761495357153,4.0,11.136206836980417,6033,136,0,max_evaluations,false,688.71713495400002,2,16,0,12,v0.7.1,v0.1.0,aca33e9e24a5a94e57308e6cb3b0441cfe0da1e1
beta-ablation,fixed,8,140008,6000,0.43667128623453982,,3.0,5.9995584355411342,6033,136,0,max_evaluations,false,689.63915795000003,1,15,0,12,v0.7.1,v0.1.0,aca33e9e24a5a94e57308e6cb3b0441cfe0da1e1
beta-ablation,beta,8,140008,6000,0.43733416590605678,1.0032279007354461,4.0,12.035001611792802,6033,136,0,max_evaluations,false,690.74746352199998,2,16,0,12,v0.7.1,v0.1.0,aca33e9e24a5a94e57308e6cb3b0441cfe0da1e1
beta-ablation,fixed,9,140009,6000,0.43555366163641551,,3.0,10.634620964157055,6033,136,0,max_evaluations,false,685.05549977700002,2,15,0,12,v0.7.1,v0.1.0,aca33e9e24a5a94e57308e6cb3b0441cfe0da1e1
beta-ablation,beta,9,140009,6000,0.43722867816734334,1.1776254632297198,4.0,18.414730550976351,6033,136,0,max_evaluations,false,669.44675358799998,3,16,0,12,v0.7.1,v0.1.0,aca33e9e24a5a94e57308e6cb3b0441cfe0da1e1
beta-ablation,fixed,10,140010,6000,0.4415345581710014,,3.0,2.4253143745007391,6033,136,0,max_evaluations,false,669.19518638,0,15,0,12,v0.7.1,v0.1.0,aca33e9e24a5a94e57308e6cb3b0441cfe0da1e1
beta-ablation,beta,10,140010,6000,0.43757925584037033,0.99730089691801727,4.0,15.51746733456373,6033,136,0,max_evaluations,false,667.57564546100002,1,16,0,12,v0.7.1,v0.1.0,aca33e9e24a5a94e57308e6cb3b0441cfe0da1e1
beta-ablation,fixed,11,140011,6000,0.43716550181767333,,3.0,23.716519824273579,6033,136,0,max_evaluations,false,669.19093032000001,0,15,0,12,v0.7.1,v0.1.0,aca33e9e24a5a94e57308e6cb3b0441cfe0da1e1
beta-ablation,beta,11,140011,6000,0.43826276579022655,0.88832116369079328,4.0,14.26700434546807,6033,136,0,max_evaluations,false,667.895364384,1,16,0,12,v0.7.1,v0.1.0,aca33e9e24a5a94e57308e6cb3b0441cfe0da1e1
