design,arm,block,seed,job,engine,covariance,lambda,population,restarts_planned,budget,score,scored_evaluations,final_score,evaluations,iterations,restarts,stop_reason,converged,elapsed_s,pinned,dimension,matched,partial_cents,partial_level_db,partial_decay_octaves,partial_missing,partial_extra,spectral_fine_db,spectral_coarse_db,envelope_db,onset_db,decay_slope_dbps,waveform,mayfly_version,cmaes_version,revision
rounds-24k,mayfly-single,0,124000,b00-mayfly-single,mayfly,,,10,1,24000,0.27112518667859481,23961,0.27112518650528306,24003,571,0,max_evaluations,false,64.107406662000002,6,30,6,0.15007834665357472,1.6761146534747369,0.00052417308937597706,0.27646597366737025,0,8.7185083477361651,9.6724321814062915,0.92503490375923381,12.404751515799877,0.060712693265134732,0.52066788697209798,v0.7.1,v0.1.0,bfc780b798ee010238c69c58a57bd3f31065e843
rounds-24k,mayfly-r16,0,124000,b00-mayfly-r16,mayfly,,,10,16,24000,0.31520353576365034,21029,0.31520353576365034,24009,564,0,max_evaluations,false,78.448638449000001,0,30,1,0.027637245430278724,0,0.0051149163003424451,0.83966129605197193,0.14890596185549912,13.728508555269466,16.747630193737869,0.92398864747287635,11.110193950401438,0.39209496974309666,0.78302406585789674,v0.7.1,v0.1.0,bfc780b798ee010238c69c58a57bd3f31065e843
rounds-24k,mayfly-single,1,124001,b01-mayfly-single,mayfly,,,10,1,24000,0.28776025267838828,20307,0.28776025267838828,24003,571,0,max_evaluations,false,69.467036829999998,8,30,6,0.15167230925912201,4.5895750926603673,0.0054869004441932198,0.27646597366737025,0,8.8249143133628092,9.7412268834572249,1.2022379874142501,12.426384656448661,0.00032640032121555862,0.41417648046752031,v0.7.1,v0.1.0,bfc780b798ee010238c69c58a57bd3f31065e843
rounds-24k,mayfly-r16,1,124001,b01-mayfly-r16,mayfly,,,10,16,24000,0.31367676116437332,1491,0.31367676116437332,24009,564,0,max_evaluations,false,61.464104120000002,4,30,5,0.2098310363317091,4.3490851781962796,0.031967890145965745,0.44329200104658129,0,9.8690603843307425,10.950052278664334,1.2518087592560778,13.425452294976521,0.01883832376402772,0.53714332999571002,v0.7.1,v0.1.0,bfc780b798ee010238c69c58a57bd3f31065e843
rounds-24k,mayfly-single,2,124002,b02-mayfly-single,mayfly,,,10,1,24000,0.25789208967526261,23919,0.25789208967526261,24003,571,0,max_evaluations,false,63.193826297999998,6,30,6,0.15591531367694389,0.018349882096362308,0.0070866540923299288,0.27646597366737025,0,8.6701515879648969,9.6330203557878473,0.89363965155358327,12.7207716639286,0.22163929326632825,0.51867803444370841,v0.7.1,v0.1.0,bfc780b798ee010238c69c58a57bd3f31065e843
rounds-24k,mayfly-r16,2,124002,b02-mayfly-r16,mayfly,,,10,16,24000,0.31132096850820412,1533,0.31132096850820412,24009,564,0,max_evaluations,false,67.916366589000006,7,30,6,0.235861691489235,5.7040259495182699,0.001670319854306092,0.27646597366737025,0,9.2318782783705675,10.333337631897221,1.0455715649074215,12.841727265733953,0.6690689114108217,0.71961973007125446,v0.7.1,v0.1.0,bfc780b798ee010238c69c58a57bd3f31065e843
rounds-24k,mayfly-single,3,124003,b03-mayfly-single,mayfly,,,10,1,24000,0.25847807895176761,23121,0.25847807895176761,24003,571,0,max_evaluations,false,70.962114659999997,5,30,6,0.15915595258343801,0.32059848841896094,0.0014381377956819551,0.27646597366737025,0,8.5549164069840931,9.6332138398811704,0.63592530747316711,15.381145561709962,0.29190405730303759,0.52111757830255045,v0.7.1,v0.1.0,bfc780b798ee010238c69c58a57bd3f31065e843
rounds-24k,mayfly-r16,3,124003,b03-mayfly-r16,mayfly,,,10,16,24000,0.30899828886770536,1533,0.30899828886770536,24009,564,0,max_evaluations,false,68.647902404999996,8,30,6,0.23697258246783023,5.6261509667244596,0.0023304031598895356,0.27646597366737025,0,9.1769315450956839,10.210570326655382,1.2341358996636818,13.525073210340118,0.29432217676037986,0.60613253410736312,v0.7.1,v0.1.0,bfc780b798ee010238c69c58a57bd3f31065e843
rounds-24k,mayfly-single,4,124004,b04-mayfly-single,mayfly,,,10,1,24000,0.28687695007063646,23961,0.28687695006618125,24003,571,0,max_evaluations,false,71.464576749000003,5,30,6,0.15452165544669849,4.5419729052136448,0.0002352502966783021,0.27646597366737025,0,8.718597992060813,9.5943474127065027,1.1833458626076085,12.367922514548155,0.00064361905119092455,0.43599524808034762,v0.7.1,v0.1.0,bfc780b798ee010238c69c58a57bd3f31065e843
rounds-24k,mayfly-r16,4,124004,b04-mayfly-r16,mayfly,,,10,16,24000,0.30469671514827734,1491,0.30469671514827734,24009,564,0,max_evaluations,false,61.650077777999996,8,30,6,0.15982648253485562,6.3378524999570471,0.0064316203608333952,0.27646597366737025,0,9.2455749053100273,10.384965750808023,1.3161670991665206,13.382191658669967,0.0070037395818527415,0.48073435217597549,v0.7.1,v0.1.0,bfc780b798ee010238c69c58a57bd3f31065e843
rounds-24k,mayfly-single,5,124005,b05-mayfly-single,mayfly,,,10,1,24000,0.26767294564813021,23961,0.26767294533220332,24003,571,0,max_evaluations,false,66.929150313999997,7,30,6,0.14592493409557675,1.4906165608440924,0.0054533479432268038,0.27646597366737025,0,8.7438469764142557,9.7233288284074266,0.82159199954275786,12.591873317661857,1.5321881541296989e-07,0.51864852098836212,v0.7.1,v0.1.0,bfc780b798ee010238c69c58a57bd3f31065e843
rounds-24k,mayfly-r16,5,124005,b05-mayfly-r16,mayfly,,,10,16,24000,0.30738367909099601,1533,0.30738367909099601,24009,564,0,max_evaluations,false,75.882050422000006,8,30,6,0.068783216343085624,5.8939660863365093,0.0079320664803866989,0.27646597366737025,0,9.024867429504706,10.200537671685028,1.3191705996799423,15.760340411623874,0.035248019183775625,0.51017947649465634,v0.7.1,v0.1.0,bfc780b798ee010238c69c58a57bd3f31065e843
rounds-24k,mayfly-single,6,124006,b06-mayfly-single,mayfly,,,10,1,24000,0.28459585338707216,23961,0.28459585335849541,24003,571,0,max_evaluations,false,75.969178119000006,6,30,6,0.09765457494049104,3.5304559190777773,0.0055734915814487848,0.27646597366737025,0,8.8309998956164328,9.7434924999331898,1.239731948553801,12.755531842883217,0.00033385660666773731,0.4194944752266449,v0.7.1,v0.1.0,bfc780b798ee010238c69c58a57bd3f31065e843
rounds-24k,mayfly-r16,6,124006,b06-mayfly-r16,mayfly,,,10,16,24000,0.30082428040538539,1533,0.30082428040538539,24009,564,0,max_evaluations,false,67.451075322999998,7,30,6,0.16385178958460808,4.1747844260576121,0.010853746827750832,0.27646597366737025,0,8.9600889698356312,10.134807739803286,1.2866216274354167,15.308723195141139,0.097326965753675054,0.4946516143931815,v0.7.1,v0.1.0,bfc780b798ee010238c69c58a57bd3f31065e843
rounds-24k,mayfly-single,7,124007,b07-mayfly-single,mayfly,,,10,1,24000,0.26934619717625657,23961,0.26934619717625657,24003,571,0,max_evaluations,false,70.488874589000005,7,30,5,0.1513877122052231,0.00040670955281515433,0.0061859472002977591,0.44329200104658129,0,8.8686715447097608,9.9225834583186447,0.71956178158143247,15.558054425235413,0.33306983551332969,0.56831790723706743,v0.7.1,v0.1.0,bfc780b798ee010238c69c58a57bd3f31065e843
rounds-24k,mayfly-r16,7,124007,b07-mayfly-r16,mayfly,,,10,16,24000,0.30315560214220033,1533,0.30315560214220033,24009,564,0,max_evaluations,false,69.931695081000001,8,30,6,0.10071450023446256,6.2967183827920765,0.003172937700436005,0.27646597366737025,0,9.2562909861955696,10.412407080747126,1.2282077391859134,13.310424055688181,0.27905875900209587,0.46526483140248087,v0.7.1,v0.1.0,bfc780b798ee010238c69c58a57bd3f31065e843
rounds-24k,mayfly-single,8,124008,b08-mayfly-single,mayfly,,,10,1,24000,0.2891317075078258,23961,0.28913170735212673,24003,571,0,max_evaluations,false,81.662945071999999,7,30,4,0.08440436601435114,0.8661339018523343,0.001235934395499762,0.56132079637666832,0,9.6684366407300644,10.985710685957546,1.3281455544717371,13.703776111257529,1.2492324206192507e-06,0.46496169822061206,v0.7.1,v0.1.0,bfc780b798ee010238c69c58a57bd3f31065e843
rounds-24k,mayfly-r16,8,124008,b08-mayfly-r16,mayfly,,,10,16,24000,0.3100043109329243,1533,0.3100043109329243,24009,564,0,max_evaluations,false,69.082899882999996,9,30,5,0.14479114535483104,4.2156317720055423,0.014915173690906076,0.44329200104658129,0,9.5121975857056285,10.724233134153238,1.3486271286684008,13.762254949335691,0.011503100987697579,0.51027205153437394,v0.7.1,v0.1.0,bfc780b798ee010238c69c58a57bd3f31065e843
rounds-24k,mayfly-single,9,124009,b09-mayfly-single,mayfly,,,10,1,24000,0.25294384099811196,23961,0.25294384098532896,24003,571,0,max_evaluations,false,77.735009611999999,6,30,6,0.13179560676092403,0.74371980035468077,0.0011219968742689273,0.27646597366737025,0,8.7182088681913488,9.6246835721015369,0.89193395990428048,12.557260710787963,9.0780781292210122e-07,0.35808190599592449,v0.7.1,v0.1.0,bfc780b798ee010238c69c58a57bd3f31065e843
rounds-24k,mayfly-r16,9,124009,b09-mayfly-r16,mayfly,,,10,16,24000,0.31461645411925976,21029,0.31461645411925976,24009,564,0,max_evaluations,false,79.549103556000006,0,30,1,0.032911235537347532,0,0.014869836395871945,0.83966129605197193,0.16228080751844043,13.287527364422056,16.210846737229172,0.58640322213971496,19.356020436963636,0.071344998436149609,0.7082096368325469,v0.7.1,v0.1.0,bfc780b798ee010238c69c58a57bd3f31065e843
rounds-24k,mayfly-single,10,124010,b10-mayfly-single,mayfly,,,10,1,24000,0.26019890286933961,23961,0.26019890010331692,24003,571,0,max_evaluations,false,71.861123899999996,5,30,6,0.14729026536728551,0.1328630373938601,0.00063704784532543515,0.27646597366737025,0,8.7937475244107226,9.759679182692274,0.88558971690420774,12.719003813448863,0.23446787031861405,0.54724713897142918,v0.7.1,v0.1.0,bfc780b798ee010238c69c58a57bd3f31065e843
rounds-24k,mayfly-r16,10,124010,b10-mayfly-r16,mayfly,,,10,16,24000,0.31696452398019243,12005,0.31696452398019243,24009,564,0,max_evaluations,false,78.041232487000002,2,30,1,0.049418794959025854,0,0.011312486641950281,0.83966129605197193,0.17040001956996434,13.035440650596312,15.755451882824973,0.94148067710885697,15.619482106242028,0.073432274491423755,0.68289663600897321,v0.7.1,v0.1.0,bfc780b798ee010238c69c58a57bd3f31065e843
rounds-24k,mayfly-single,11,124011,b11-mayfly-single,mayfly,,,10,1,24000,0.27841703659304756,23961,0.27841703653429967,24003,571,0,max_evaluations,false,71.896576835000005,7,30,6,0.1303288389749403,4.6447455995201699,0.00098046222898470238,0.27646597366737025,0,9.0330190837125208,10.164689883822358,0.80240924545247694,12.384279048413118,0.0053980537638089743,0.40247161373713625,v0.7.1,v0.1.0,bfc780b798ee010238c69c58a57bd3f31065e843
rounds-24k,mayfly-r16,11,124011,b11-mayfly-r16,mayfly,,,10,16,24000,0.31483428077690828,1533,0.31483428077690828,24009,564,0,max_evaluations,false,67.286696273999993,7,30,4,0.10592208626596598,2.5963943024296579,0.0075996805389722628,0.56132079637666832,0.036342739160816387,10.857476345864431,12.890660565315113,1.3321300187501401,13.590871868205404,0.028846642089636276,0.52099385593803826,v0.7.1,v0.1.0,bfc780b798ee010238c69c58a57bd3f31065e843
